cake_title,cake_img
1st Birthday Cake- Code: KB-1-BC-001,images/cakes/1stbirthday/small/kbbc-c189-s.jpg
1st Birthday Cake- Code: KB-1-BC-002,images/cakes/1stbirthday/small/kbbc-c190-s.jpg
1st Birthday Cake- Code: KB-1-BC-003,images/cakes/1stbirthday/small/kbbc-c191-s.jpg
1st Birthday Cake- Code: KB-1-BC-004,images/cakes/1stbirthday/small/kbbc-c192-s.jpg
1st Birthday Cake- Code: KB-1-BC-005,images/cakes/1stbirthday/small/kbbc-c193-s.jpg
1st Birthday Cake- Code: KB-1-BC-006,images/cakes/1stbirthday/small/kbbc-c194-s.jpg
1st Birthday Cake- Code: KB-1-BC-007,images/cakes/1stbirthday/small/kbbc-c195-s.jpg
1st Birthday Cake- Code: KB-1-BC-008,images/cakes/1stbirthday/small/kbbc-c196-s.jpg
1st Birthday Cake- Code: KB-1-BC-009,images/cakes/1stbirthday/small/kbbc-c197-s.jpg
1st Birthday Cake- Code: KB-1-BC-0010,images/cakes/1stbirthday/small/kbbc-c198-s.jpg
1st Birthday Cake- Code: KB-1-BC-0011,images/cakes/1stbirthday/small/kbbc-c199-s.jpg
1st Birthday Cake- Code: KB-1-BC-0012,images/cakes/1stbirthday/small/kbbc-c200-s.jpg
1st Birthday Cake- Code: KB-1-BC-0013,images/cakes/1stbirthday/small/kbbc-c201-s.jpg
1st Birthday Cake- Code: KB-1-BC-0014,images/cakes/1stbirthday/small/kbbc-c202-s.jpg
1st Birthday Cake- Code: KB-1-BC-0015,images/cakes/1stbirthday/small/kbbc-c203-s.jpg
1st Birthday Cake- Code: KB-1-BC-0016,images/cakes/1stbirthday/small/kbbc-c204-s.jpg
1st Birthday Cake- Code: KB-1-BC-0017,images/cakes/1stbirthday/small/kbbc-c205-s.jpg
1st Birthday Cake- Code: KB-1-BC-0018,images/cakes/1stbirthday/small/kbbc-c206-s.jpg
1st Birthday Cake- Code: KB-1-BC-0019,images/cakes/1stbirthday/small/kbbc-c207-s.jpg
1st Birthday Cake- Code: KB-1-BC-0020,images/cakes/1stbirthday/small/kbbc-c208-s.jpg
1st Birthday Cake- Code: KB-1-BC-0021,images/cakes/1stbirthday/small/kbbc-c209-s.jpg
1st Birthday Cake- Code: KB-1-BC-0022,images/cakes/1stbirthday/small/kbbc-c210-s.jpg
1st Birthday Cake- Code: KB-1-BC-0023,images/cakes/1stbirthday/small/kbbc-c233-s.jpg
1st Birthday Cake- Code: KB-1-BC-0024,images/cakes/1stbirthday/small/kbbc-c212-s.jpg
1st Birthday Cake- Code: KB-1-BC-0025,images/cakes/1stbirthday/small/kbbc-c213-s.jpg
1st Birthday Cake- Code: KB-1-BC-0026,images/cakes/1stbirthday/small/kbbc-c214-s.jpg
1st Birthday Cake- Code: KB-1-BC-0027,images/cakes/1stbirthday/small/kbbc-c215-s.jpg
1st Birthday Cake- Code: KB-1-BC-0028,images/cakes/1stbirthday/small/kbbc-c216-s.jpg
1st Birthday Cake- Code: KB-1-BC-0029,images/cakes/1stbirthday/small/kbbc-c217-s.jpg
1st Birthday Cake- Code: KB-1-BC-0030,images/cakes/1stbirthday/small/kbbc-c218-s.jpg
1st Birthday Cake- Code: KB-1-BC-0031,images/cakes/1stbirthday/small/kbbc-c219-s.jpg
1st Birthday Cake- Code: KB-1-BC-0032,images/cakes/1stbirthday/small/kbbc-c220-s.jpg
1st Birthday Cake- Code: KB-1-BC-0033,images/cakes/1stbirthday/small/kbbc-c221-s.jpg
1st Birthday Cake- Code: KB-1-BC-0034,images/cakes/1stbirthday/small/kbbc-c222-s.jpg
1st Birthday Cake- Code: KB-1-BC-0035,images/cakes/1stbirthday/small/kbbc-c223-s.jpg
1st Birthday Cake- Code: KB-1-BC-0036,images/cakes/1stbirthday/small/kbbc-c224-s.jpg
1st Birthday Cake- Code: KB-1-BC-0037,images/cakes/1stbirthday/small/kbbc-c225-s.jpg
1st Birthday Cake- Code: KB-1-BC-0038,images/cakes/1stbirthday/small/kbbc-c226-s.jpg
1st Birthday Cake- Code: KB-1-BC-0039,images/cakes/1stbirthday/small/kbbc-c227-s.jpg
1st Birthday Cake- Code: KB-1-BC-0040,images/cakes/1stbirthday/small/kbbc-c228-s.jpg
1st Birthday Cake- Code: KB-1-BC-0041,images/cakes/1stbirthday/small/kbbc-c229-s.jpg
1st Birthday Cake- Code: KB-1-BC-0042,images/cakes/1stbirthday/small/kbbc-c230-s.jpg
1st Birthday Cake- Code: KB-1-BC-0043,images/cakes/1stbirthday/small/kbbc-c231-s.jpg
1st Birthday Cake- Code: KB-1-BC-0044,images/cakes/1stbirthday/small/kbbc-c232-s.jpg
